cyl ,  wt.avg ,    sd  ,n  , prop
4,2.285727,0.5695637,11,0.34375
6,3.117143,0.3563455,7,0.21875
8,3.999214,0.7594047,14,0.4375
